Adaugare_carte, 2021-04-29 11:44:31.206
Adaugare_carte, 2021-04-29 11:44:31.206
Adaugare_carte, 2021-04-29 11:44:31.206
Adaugare_imprumut, 2021-04-29 11:44:31.206
Adaugare_imprumut, 2021-04-29 11:44:31.206
Adaugare_imprumut, 2021-04-29 11:44:31.206
Scriere_carte, 2021-04-29 11:44:31.206
Adaugare_carte, 2021-04-29 11:51:12.967
Adaugare_carte, 2021-04-29 11:51:12.967
Adaugare_carte, 2021-04-29 11:51:12.967
Adaugare_imprumut, 2021-04-29 11:51:12.967
Adaugare_imprumut, 2021-04-29 11:51:12.967
Adaugare_imprumut, 2021-04-29 11:51:12.967
Adaugare_carte, 2021-04-29 11:53:06.694
Adaugare_carte, 2021-04-29 11:53:06.694
Adaugare_carte, 2021-04-29 11:53:06.694
Adaugare_imprumut, 2021-04-29 11:53:06.694
Adaugare_imprumut, 2021-04-29 11:53:06.694
Adaugare_imprumut, 2021-04-29 11:53:06.694
Scriere_carte, 2021-04-29 11:53:06.694
Adaugare_carte, 2021-04-29 11:55:06.82
Adaugare_carte, 2021-04-29 11:55:06.82
Adaugare_carte, 2021-04-29 11:55:06.82
Adaugare_imprumut, 2021-04-29 11:55:06.82
Adaugare_imprumut, 2021-04-29 11:55:06.82
Adaugare_imprumut, 2021-04-29 11:55:06.82
Citire_imprumuturi, 2021-04-29 11:55:06.82
